review_id,product_id,customer_id,rating,review_text,review_date
1,7,188,5,Whole involve city decide southern card including natural.,2024-02-11
2,45,51,1,Check day writer sign better medical dark.,2024-02-13
3,8,99,1,Weight note discover strategy rather alone cultural.,2025-01-03
4,6,67,3,Evidence people improve card serious.,2023-11-20
5,15,99,5,Series car mouth check hold.,2024-10-28
6,42,137,3,Task debate world season star huge phone north.,2025-02-11
7,11,134,1,Particularly Mr evidence situation indicate build onto she.,2024-02-01
8,23,74,5,Onto can subject answer or live summer.,2024-04-05
9,21,85,3,Window dinner move mention party table usually action.,2024-11-19
10,6,179,3,Car executive pay physical.,2024-06-30
11,16,167,3,Plant respond quickly option because.,2024-12-24
12,13,96,1,Cover however can sound.,2024-06-20
13,42,23,5,Work you music realize.,2023-10-28
14,87,79,2,Order defense century.,2025-03-14
15,67,72,1,Amount drop watch.,2023-08-03
16,44,187,4,Message friend computer learn.,2024-11-29
17,8,183,3,Tax ball meet science notice color issue.,2023-07-29
18,50,88,4,Worker past answer fall work project.,2025-04-25
19,37,41,2,Continue wrong decade citizen them sense.,2023-08-19
20,95,126,2,Eight son fine.,2024-04-11
21,35,27,3,Computer crime whole.,2025-03-25
22,4,43,5,Possible effort history visit task share concern.,2023-12-21
23,20,55,1,Order design stock during my area thank.,2024-11-18
24,97,19,3,Draw watch also speak.,2024-07-21
25,25,163,3,Coach science kid exactly.,2025-03-19
26,40,153,3,Room pay bit over.,2024-07-28
27,14,10,4,Start thought American.,2025-02-13
28,97,116,1,On turn apply garden kid couple pass.,2025-05-28
29,47,29,3,Plant style guess house law you easy.,2024-01-02
30,33,146,3,Sign me yet cell significant.,2023-12-09
31,36,170,4,Since million travel five anyone spend wear.,2024-05-30
32,5,191,2,Source some attention food source.,2024-09-20
33,63,77,5,Human meeting force cause perhaps owner article.,2024-08-04
34,32,99,1,Second shoulder section strong child.,2023-11-30
35,87,190,5,Too rather cover popular.,2025-05-22
36,70,134,4,Color party memory stay nearly cell.,2024-11-16
37,28,96,3,Big despite sea west past.,2024-12-04
38,84,46,3,See actually believe sense particularly memory.,2024-08-18
39,6,154,2,Event environmental north treat maintain in.,2025-07-09
40,59,125,5,Use no third kitchen up day.,2023-11-28
41,48,74,1,Site around letter ball indicate development hospital.,2024-05-12
42,60,148,5,Machine bad prove entire.,2024-02-19
43,2,70,2,Attack today material collection.,2025-07-12
44,73,9,1,Light away will expect notice.,2024-06-11
45,97,129,1,Page raise fine policy.,2024-12-28
46,23,99,5,Receive glass record student less.,2024-07-07
47,48,71,4,Federal site local phone husband majority.,2024-04-01
48,64,18,4,Subject hard very task.,2025-02-09
49,55,43,4,Lose author picture season today.,2024-12-25
50,8,31,3,Dark personal easy will.,2024-09-17
51,58,39,4,Production third parent determine deep.,2024-06-10
52,23,146,5,Challenge guess idea lawyer.,2024-01-03
53,63,129,3,Beyond public government affect easy others bar.,2024-01-11
54,35,169,5,Matter manager there decade recognize.,2024-06-08
55,62,109,4,Happen site close goal.,2023-10-27
56,73,191,1,Entire seat determine dark.,2024-11-07
57,77,83,5,Little want edge attention them explain relationship tree.,2025-02-26
58,54,178,1,Now somebody particularly candidate surface peace idea.,2024-01-26
59,83,38,2,Card good evidence official.,2024-03-11
60,49,12,2,Serious share pressure quickly choice government life thus.,2024-05-22
61,40,147,3,This that difficult.,2024-03-23
62,55,177,5,Feeling beyond court civil.,2023-10-04
63,36,177,5,Pretty attorney cover.,2024-11-18
64,19,159,2,Instead event whole crime fall day.,2024-06-12
65,97,118,3,Model fear effect indeed.,2025-04-20
66,69,102,1,Nearly drop rule happen night from.,2023-08-18
67,96,30,5,White challenge range include international.,2024-09-12
68,60,23,2,Again the her direction girl today.,2024-09-28
69,47,44,1,Network wind century newspaper same recently yeah.,2025-03-23
70,38,47,5,Animal wait serve support good enjoy environmental.,2024-07-13
71,19,85,5,Crime new eye many Republican.,2025-03-04
72,49,167,5,Challenge national prevent though even should nation.,2024-01-22
73,73,29,4,Degree reduce daughter Democrat economy.,2024-10-25
74,68,145,4,I necessary stage child continue.,2025-06-02
75,67,150,1,Tree find analysis thought street.,2023-10-18
76,32,138,4,Seven real knowledge administration policy artist.,2024-06-17
77,82,114,2,Society father at image ahead effect great.,2024-10-06
78,37,158,3,Political people as.,2024-05-11
79,6,107,3,House call identify teach third.,2024-03-10
80,80,3,4,Force positive himself PM language possible yourself.,2024-10-23
81,92,143,1,White store but which any force.,2024-05-26
82,74,1,3,Avoid unit pass.,2024-06-23
83,80,135,2,Black enjoy while since.,2024-04-29
84,53,64,5,Light result poor those.,2024-12-04
85,11,143,1,Shake air career expect himself.,2023-10-04
86,67,55,1,Indeed town hundred affect middle reduce significant.,2024-02-04
87,51,99,3,Grow movement fine with.,2024-06-12
88,5,110,3,Class how direction less different country.,2024-04-01
89,74,20,3,Step over a despite gas my audience.,2024-06-12
90,50,96,1,Computer land poor.,2024-02-24
91,67,62,4,Less inside charge hotel company.,2024-09-21
92,20,65,3,Loss sense soldier behind we.,2024-10-19
93,68,82,5,Along with suffer relationship.,2024-12-19
94,78,59,2,Instead turn better we.,2025-06-22
95,84,154,2,People so management within strong forward newspaper.,2023-11-15
96,74,111,5,Argue energy shoulder performance imagine wish available.,2023-09-27
97,69,10,1,Model investment leader democratic response various left.,2025-03-09
98,65,2,1,Wrong night police work.,2023-07-31
99,49,105,5,Worker space help artist address responsibility.,2023-08-24
100,79,70,4,Fire it civil special poor natural prepare according.,2024-07-17
101,29,8,3,Country concern ground laugh product policy help.,2025-06-01
102,2,173,5,Prove three conference memory conference.,2023-10-25
103,54,62,5,American summer answer expect.,2025-05-16
104,60,116,4,Offer strategy build whose strategy.,2024-01-03
105,23,100,4,Maintain although number seem car floor work focus.,2025-04-01
106,61,86,1,Week this particularly soldier.,2025-01-01
107,40,130,2,Produce return bad method traditional.,2025-02-26
108,15,92,3,Final wait concern single decide various skin.,2025-05-02
109,27,112,4,Free lot body him consumer arm benefit.,2025-05-11
110,71,181,3,Car season maybe drug television high.,2024-09-30
111,23,158,2,Hope own bad.,2024-10-17
112,65,11,5,Very long dark because.,2024-12-18
113,67,80,1,High amount drop current.,2024-12-09
114,26,89,2,Seek fast town want.,2023-07-23
115,20,46,1,Hold drive development fear early.,2024-09-08
116,20,94,1,Here minute smile international.,2024-09-19
117,38,149,3,Charge speak interesting couple thousand.,2024-06-13
118,11,163,1,Either town fish teach.,2025-07-15
119,28,182,3,Music yourself professor shoulder last attention.,2023-12-07
120,20,29,4,Hour week significant.,2023-10-04
121,12,127,1,Character son front world very mother executive.,2023-09-01
122,34,68,4,Feel fill improve quality bit field set.,2024-05-07
123,64,25,3,Resource anyone morning full trip.,2024-01-11
124,77,173,3,Break baby above music sense be.,2025-03-24
125,26,74,5,Way already that really outside.,2024-12-30
126,79,137,4,Short capital focus class more.,2023-07-23
127,75,5,1,Enter within cell on probably.,2024-05-02
128,65,91,3,Data physical be do Mr kitchen.,2024-04-16
129,69,5,2,Since really to language consumer strategy.,2025-07-03
130,24,125,2,Compare performance news forward.,2023-09-19
131,75,58,3,Never those accept understand investment reveal six.,2023-11-24
132,67,75,2,Son political social.,2025-03-09
133,65,124,5,Her attorney else.,2024-03-13
134,85,50,5,Own those actually pull ask side.,2023-07-25
135,61,133,3,Time director move enjoy attention pattern room.,2025-03-13
136,92,159,3,We option situation.,2024-01-25
137,11,51,1,Specific probably director.,2023-09-01
138,77,62,4,Local event trial decide pay meeting affect.,2024-07-07
139,56,94,4,Significant power open skin responsibility science.,2024-04-16
140,30,44,3,On economy end social lot coach assume.,2025-06-03
141,77,156,5,Again capital audience until buy popular soon.,2024-10-30
142,69,155,2,Discover laugh both little position budget account.,2025-01-27
143,49,88,1,Data hot PM mean.,2024-11-17
144,31,71,2,Parent gas remain maintain.,2024-12-12
145,20,49,2,Save raise budget value break school road.,2025-02-08
146,34,133,2,Direction should music debate main present argue much.,2025-04-24
147,33,193,1,Inside pressure bed edge early.,2025-07-06
148,86,75,4,Be teacher authority he.,2025-05-05
149,88,63,3,Learn personal hospital pull most idea.,2025-01-20
150,48,85,2,Very artist manager coach clearly see.,2023-08-05
151,100,39,1,Response environment create lead over rule peace.,2025-03-16
152,97,36,4,Radio he short next almost.,2024-10-22
153,22,37,2,Risk run early summer.,2025-04-02
154,61,59,2,Nearly contain great both edge ground.,2025-04-08
155,10,15,2,Quite they together base continue baby discussion.,2023-12-03
156,7,70,5,Machine use wife president according rule.,2023-08-28
157,65,96,4,Either environmental eye day protect protect audience become.,2024-01-29
158,35,190,4,Woman which occur to.,2023-09-03
159,83,178,1,Matter because send.,2025-05-08
160,9,199,3,Beat along fly ago media author far.,2025-06-17
161,98,57,4,Run collection begin environmental ask house activity.,2025-02-25
162,19,193,4,Education research cut.,2024-07-11
163,34,85,2,Account then order question American fact.,2023-10-14
164,52,100,3,Season population then interview hot research minute.,2024-09-22
165,8,177,3,Over gas truth they teach.,2025-06-12
166,30,48,4,Right feeling past my whether.,2023-11-19
167,44,187,4,Professor business only plant level tough.,2023-12-03
168,92,37,2,Art mention example.,2023-07-19
169,16,167,2,Manager poor deep late firm customer low.,2024-02-16
170,48,142,2,So cultural personal letter money.,2024-03-21
171,1,144,1,Exist cost range practice value.,2024-04-12
172,9,20,5,Red study keep attorney store truth want.,2023-08-26
173,83,139,3,Yard water do by job laugh state.,2024-11-21
174,48,56,2,Kid teach stuff able bring order church.,2023-08-14
175,1,130,5,Response goal few result final.,2025-03-15
176,63,200,3,Soon hour choice figure same.,2024-12-27
177,63,53,2,Firm professional city research.,2025-05-11
178,85,49,5,Feel capital newspaper save heart ahead now.,2023-09-24
179,2,160,5,Over network range.,2024-04-05
180,66,128,4,Firm fear share dog window cold story.,2023-12-19
181,77,11,2,Only even subject parent near rather term.,2024-03-17
182,42,22,2,Avoid class mean five under.,2024-07-11
183,48,71,4,Husband recent home card front turn.,2025-07-04
184,64,71,3,Surface quickly back figure.,2025-06-19
185,58,154,4,Discussion rich industry white test education establish identify.,2024-05-15
186,45,101,2,Want figure perhaps security both eight season.,2024-12-01
187,10,17,5,Change support reduce soldier.,2024-11-19
188,53,55,3,Resource cup certainly poor base.,2025-01-14
189,67,138,3,Administration director another nature prove sea.,2024-03-19
190,38,187,3,Room somebody follow whose building really doctor.,2024-07-04
191,99,176,5,Their think our hold walk.,2025-05-06
192,17,110,4,Operation such growth campaign whose.,2024-03-22
193,50,170,1,Reach result agency low employee account dark.,2024-03-26
194,41,163,5,Side high than defense realize travel language.,2025-04-20
195,98,105,4,Democratic child such.,2024-09-01
196,19,67,3,Imagine should nature effort serious argue tax.,2025-04-20
197,79,156,3,Feel garden challenge result the.,2024-10-04
198,67,108,4,But wide sense challenge.,2024-06-19
199,96,95,4,Rich buy some deal act person ball.,2024-12-16
200,10,96,5,Assume reveal bill it soon fill official.,2025-03-18
201,21,155,3,Student entire drug tell task old.,2024-05-18
202,68,68,3,Enough late human past partner.,2025-03-05
203,30,29,2,Drop record machine majority song art husband.,2024-07-15
204,67,38,2,Unit computer quite but democratic cover kind tell.,2025-06-04
205,78,180,1,Bar may enjoy consumer situation.,2023-12-30
206,89,18,5,Rather increase federal mouth.,2024-06-07
207,35,136,5,Magazine realize no scene wife talk.,2025-03-26
208,53,113,3,Black her establish theory.,2025-05-30
209,24,86,5,North hear grow able cover speak.,2023-07-27
210,85,173,2,Newspaper determine avoid husband factor such its.,2025-02-08
211,87,162,5,Area tonight often born camera without too.,2024-02-21
212,68,89,4,Everybody law soon.,2023-12-23
213,51,66,1,Between majority professional off ability.,2024-01-15
214,51,155,4,Against serve threat soon glass.,2024-12-17
215,66,28,1,Price contain time military doctor special.,2023-10-16
216,69,102,5,Assume safe many how.,2024-08-10
217,59,89,4,Might own lot Mrs during.,2023-11-13
218,73,198,4,Edge true thought discussion.,2024-12-19
219,48,114,3,Move serious large human arrive cup.,2025-03-19
220,93,154,1,Evening experience rock project finally fact.,2024-04-03
221,94,123,5,Firm develop that man least drive attorney.,2025-05-04
222,82,61,2,Explain tonight indicate low teacher.,2023-10-26
223,49,163,4,Moment firm task your author.,2024-08-15
224,89,25,4,Arrive attack decade step Republican.,2025-03-17
225,64,39,4,Value Republican choose sense cover.,2025-06-24
226,22,153,1,Work majority book cut.,2025-01-30
227,27,175,2,Future bring grow.,2024-09-04
228,71,64,4,Character stage standard full likely.,2024-04-05
229,67,89,4,Leave security down art material two value operation.,2023-10-23
230,78,182,2,Thus statement head allow fight.,2025-06-21
231,17,40,3,Sea able some three hope.,2024-11-21
232,98,190,3,Beautiful glass hundred science.,2023-11-01
233,10,50,2,Race her purpose claim during speak very.,2023-08-07
234,16,199,4,Site industry leader.,2023-12-23
235,22,92,4,Field those bill idea radio time.,2025-01-09
236,50,129,5,Note age authority situation billion enough community.,2025-03-12
237,83,113,5,Lawyer president break environment away.,2023-11-17
238,86,36,1,Bar certain thank note rise whether visit.,2024-09-27
239,61,84,2,Better pick agency activity.,2024-08-06
240,84,139,3,Man including seem management expert decide wish.,2025-05-01
241,45,53,1,Describe let particularly travel.,2025-02-14
242,75,65,2,Hospital defense magazine listen available himself spend.,2024-12-26
243,9,14,3,Yeah body marriage wide notice.,2023-11-02
244,26,197,5,Last specific but third simply.,2024-07-01
245,50,57,3,Role themselves student send.,2025-04-19
246,26,116,5,Approach could yourself spend.,2025-07-14
247,3,179,1,Might south game material between.,2023-10-28
248,62,144,1,Camera throughout pull deal behavior box might.,2024-03-10
249,28,96,5,Stand together meet race them the prove fine.,2025-06-10
250,53,179,1,Another close fill continue network teach.,2023-08-13
251,62,121,4,Spend need human.,2023-09-20
252,41,111,5,Recent poor various though.,2025-06-26
253,28,18,3,You three feel analysis.,2023-12-29
254,39,37,4,Including expert threat attorney.,2024-12-17
255,79,186,4,Some move approach speak.,2024-01-02
256,2,188,1,Mission nothing bill yard.,2023-09-13
257,84,83,3,No wish everyone develop pressure dog.,2024-07-18
258,98,196,1,Else strategy build forward reason.,2024-03-01
259,36,80,1,Their country guy believe bring necessary share deep.,2025-04-30
260,81,172,2,May weight treatment forget evening short enjoy.,2024-07-03
261,72,4,1,Whom many require arm forward these along.,2025-02-27
262,80,92,3,Until others term read development politics anyone.,2025-05-25
263,28,28,1,Sign catch join positive quite Mr life dark.,2025-04-11
264,64,116,4,High fill third food TV section.,2024-08-28
265,56,134,5,Indicate tough catch soon.,2024-02-08
266,71,89,2,Collection available how her allow spring.,2024-10-06
267,35,193,1,Outside program late.,2024-06-25
268,17,168,1,Social main present power sense.,2025-03-07
269,34,148,5,Anything more computer cost record physical.,2023-11-15
270,42,177,5,Also itself source character.,2025-06-14
271,22,107,5,Perhaps night structure top.,2024-10-07
272,38,16,1,Prepare nature security each traditional.,2024-08-27
273,92,42,2,Author town argue form standard.,2024-11-06
274,47,161,2,They level artist actually.,2025-02-04
275,54,150,5,Candidate report which magazine walk property.,2024-12-24
276,83,167,2,Player the admit.,2025-04-27
277,9,66,2,Hundred future stuff.,2024-05-23
278,4,167,2,Purpose goal just study.,2025-06-23
279,23,149,4,Least chair hour fill rest yet.,2024-05-29
280,30,110,1,Market share chance anyone box.,2023-10-02
281,4,135,3,Civil strong success.,2025-02-24
282,79,165,3,Attorney seven business everybody ago region.,2023-12-24
283,87,15,4,Standard him produce itself.,2024-04-24
284,40,197,1,Argue begin outside to significant.,2025-06-03
285,12,50,1,Couple save water.,2023-09-15
286,7,84,3,Me place represent wide fund especially.,2025-03-24
287,26,120,5,Consumer behind this already father around home.,2025-06-06
288,100,2,5,Draw top treatment poor debate.,2024-09-13
289,79,183,1,State drug agent answer.,2024-08-08
290,25,7,3,Wide thousand far focus information former require.,2023-12-19
291,51,130,1,Set camera share great.,2025-03-23
292,23,150,2,Board along we his red but certain.,2025-03-17
293,79,193,5,Itself project choice role.,2025-05-20
294,60,79,2,Price its modern structure pay.,2024-11-21
295,23,150,1,News serious quickly.,2024-04-23
296,59,82,2,Break item traditional.,2023-12-14
297,67,97,2,Above source environmental pass.,2024-07-30
298,62,103,2,Voice treatment movement fine realize do.,2025-03-05
299,100,196,2,Back economy join.,2024-11-04
300,9,39,1,Drive road example politics woman begin school.,2024-02-18
301,39,91,2,These ground our onto size security hold.,2024-01-10
302,97,112,2,Program study activity movie food.,2024-03-31
303,77,46,4,Begin message center fish war task seek.,2025-07-11
304,40,13,3,Charge person paper more evidence.,2023-09-11
305,24,56,3,Enter nice low say expert.,2023-08-20
306,81,10,1,Realize public sound sometimes again process pressure daughter.,2024-11-02
307,34,118,1,Front music program me.,2024-08-05
308,8,184,3,Statement he that dark different former.,2024-07-15
309,94,157,1,Stock environment southern garden.,2023-10-21
310,80,40,4,Computer senior back I natural share modern.,2024-10-30
311,7,82,4,Affect difficult central music building onto.,2024-10-19
312,75,180,5,Interesting care theory care.,2024-01-06
313,16,20,5,Decision hear Congress white.,2023-08-24
314,97,27,2,Less provide that.,2023-11-12
315,100,42,5,Free little color.,2024-10-21
316,15,67,1,Indeed loss include possible security notice toward forward.,2025-05-01
317,19,191,4,Somebody there who firm guess.,2023-08-13
318,45,44,1,Argue per deal month let class heart.,2024-03-31
319,26,166,2,Catch political present toward.,2025-05-19
320,93,31,3,Law bit whether reason positive do that.,2024-12-27
321,7,63,4,A water quickly key.,2024-05-22
322,11,177,1,Order sing behavior prepare imagine beautiful.,2024-03-31
323,78,2,2,Matter once shoulder green door.,2024-11-10
324,24,23,4,Computer usually result customer radio his matter.,2023-08-20
325,84,121,2,Player forget career film either weight store try.,2025-06-16
326,40,117,4,Across consumer station true.,2023-12-25
327,10,117,5,Yard affect fine able write his.,2025-02-26
328,26,185,1,Million agree throughout piece.,2025-04-13
329,9,74,1,Check serious window Republican necessary top during.,2023-09-23
330,99,100,5,Morning son international beat have.,2023-09-10
331,15,182,4,Main deal find red expert kitchen.,2024-08-14
332,28,116,1,Country often computer clear board former PM these.,2025-04-24
333,4,12,3,Herself painting gun.,2025-02-17
334,76,139,5,Will region summer Republican physical camera.,2024-05-12
335,36,117,1,Factor down base sport sort quite my.,2024-03-24
336,89,76,1,Remember education bring skin.,2024-12-11
337,19,69,2,Want dark by wall.,2023-08-27
338,29,160,5,Down perform girl.,2024-05-03
339,57,130,1,Meeting foreign theory other say.,2024-02-21
340,54,19,2,Trial probably save.,2025-04-23
341,58,93,1,Recent ground order officer age themselves sea.,2023-10-29
342,44,151,4,Mrs large TV lose.,2023-10-26
343,18,196,1,Wrong value mouth later short pay whom.,2023-12-12
344,3,194,2,Decide continue every movie discussion also worry.,2024-02-06
345,77,104,2,One although fear attack study.,2025-04-01
346,95,190,2,Possible activity sell option score perhaps give.,2025-01-29
347,65,31,1,Her road better list word nation local.,2024-02-08
348,61,130,1,Near decade trade describe oil military.,2025-01-15
349,21,6,4,Although condition whatever stop watch executive.,2024-01-21
350,71,122,2,Very action go guess.,2024-01-29
351,81,163,3,Official student vote generation red much break east.,2023-10-01
352,30,179,2,My work third.,2025-06-20
353,81,8,1,Side probably energy compare imagine.,2025-02-11
354,80,7,3,Return analysis long stock total.,2025-05-11
355,82,72,5,Some hit safe nor cut relate time.,2024-09-16
356,35,87,2,Partner agreement human partner chance hair.,2023-10-11
357,43,109,1,Player answer on investment place order win.,2023-12-17
358,61,185,3,Lot night point factor hospital.,2025-01-14
359,81,166,3,Agent father generation who economic.,2024-10-26
360,74,84,4,Similar measure line staff since.,2023-11-26
361,7,141,5,Language president authority defense myself as collection yard.,2023-09-14
362,95,111,4,Else what economic compare nothing continue after.,2025-04-27
363,20,170,5,Rise member student.,2025-04-28
364,24,15,1,Fill rest leader expert full perhaps prevent.,2025-03-10
365,17,104,5,Impact knowledge might statement college.,2023-08-24
366,3,37,1,Consumer reduce make talk.,2025-05-21
367,29,25,3,Chance help section process.,2024-02-28
368,45,185,1,Remember hair performance film decide those between.,2025-01-15
369,54,137,2,Child child bill tend parent.,2023-11-27
370,89,30,3,Success current two discover today.,2025-03-29
371,31,124,3,Property best group bed town similar.,2024-02-09
372,72,36,1,House heart trial tend sister.,2023-09-09
373,43,180,5,Partner understand hot investment.,2025-03-08
374,65,97,4,Heart financial once room woman campaign five.,2024-08-16
375,33,37,1,Able social generation owner ago such since someone.,2024-09-30
376,86,133,5,Suffer course teacher within soldier.,2024-02-29
377,13,171,3,Themselves happen will he fill and understand.,2024-01-19
378,89,47,1,Family gas general share brother road what.,2024-04-02
379,85,192,5,Current pressure poor article fast particular.,2025-04-25
380,8,115,1,Artist either key join night.,2024-09-08
381,82,167,4,Easy professional local goal second often pick rock.,2024-08-21
382,25,187,4,Indicate manage seem recognize.,2025-04-09
383,63,100,2,Attorney government loss letter.,2025-03-09
384,92,133,2,Street thus nor think.,2024-01-10
385,53,56,2,Medical assume low every produce let quickly happy.,2024-01-10
386,14,76,4,Imagine or thousand interview sure fish hour.,2023-08-18
387,99,113,1,Lose hundred name build.,2024-01-09
388,58,112,1,Side large toward fine next series.,2023-12-13
389,44,111,2,Fund nor sometimes generation fish by.,2024-10-01
390,69,120,5,Watch yet seven your toward thing protect.,2024-05-12
391,83,14,5,Power another tell leader thought begin article.,2024-08-29
392,27,130,2,Dark area trip consumer particular would.,2023-11-11
393,100,99,2,Lot evening dog sell name thousand.,2023-11-29
394,22,175,2,Picture account morning central increase.,2025-06-29
395,85,117,3,Suffer heart factor daughter whatever beyond front.,2023-07-23
396,51,49,3,Without certainly decide present analysis.,2023-09-01
397,25,12,3,Special add peace other event rest test interview.,2024-01-07
398,41,166,2,Explain dream each consumer about partner.,2023-12-18
399,97,30,1,Writer bank democratic total bring police watch.,2025-07-05
400,22,100,1,Decide magazine over most.,2023-11-20
401,43,111,2,Family night her.,2025-06-01
402,14,13,3,Environmental man response by building recent something.,2025-02-18
403,32,131,3,The pressure yourself administration maybe detail.,2024-04-14
404,55,100,2,Strong international themselves while enjoy.,2024-03-03
405,93,191,5,Weight young may after.,2023-11-24
406,39,177,2,Allow town street ability rock for now friend.,2024-10-08
407,82,43,2,Include peace outside behind theory.,2024-06-26
408,50,106,1,Long manage check floor recognize garden.,2023-08-19
409,59,95,5,Stay house thus yes.,2023-10-16
410,18,74,3,Less result which center.,2023-11-06
411,57,9,5,Reflect by unit can itself idea doctor add.,2025-06-07
412,7,57,5,Yourself sort bad local not yard several.,2025-07-01
413,50,1,3,Less where total class unit letter list.,2023-08-01
414,95,134,3,Walk hit here.,2024-05-03
415,24,90,3,According office serious in.,2024-09-06
416,58,113,4,Then environment region cold dark voice.,2023-10-10
417,77,34,1,Study now wife be clear career coach.,2024-03-09
418,37,117,3,Parent deep front candidate week never know quite.,2024-08-02
419,2,145,2,Enjoy other sea realize woman hotel.,2024-12-03
420,54,158,4,Action soon site buy.,2025-05-11
421,100,1,3,Player visit behind community evening scientist power.,2025-02-18
422,78,94,2,World herself sing level.,2024-06-19
423,37,60,5,Street probably opportunity while process garden increase.,2023-07-22
424,43,7,4,Expect over may perform attention often present.,2024-04-02
425,100,158,3,Character word next sport especially.,2024-09-16
426,46,21,3,Mention including fast prepare service sea identify.,2025-01-26
427,67,84,5,Room network police ok natural.,2024-01-26
428,71,28,3,Team music without respond.,2024-05-03
429,39,54,5,Wonder evening table edge quickly.,2024-10-26
430,67,174,1,Light hospital environment my certainly figure mother else.,2023-11-13
431,10,156,3,Science statement week operation open.,2024-08-25
432,19,178,3,Read rather newspaper cause role reduce need.,2025-04-18
433,81,174,2,Visit operation project ground hot laugh ok.,2024-12-10
434,55,163,5,Really suddenly evening author huge tree teach.,2023-07-19
435,46,152,3,Most indeed possible traditional air drive brother.,2024-05-16
436,60,142,2,According still agree billion none own team.,2024-12-24
437,53,82,3,Project themselves line I.,2024-11-08
438,42,45,3,Approach describe by.,2025-03-24
439,49,52,2,Doctor beat movie southern nation.,2024-07-04
440,38,22,3,Specific home necessary important source kitchen.,2024-07-25
441,57,11,1,Create safe performance identify within central.,2023-12-27
442,11,109,5,Rate certain employee never defense.,2025-02-20
443,80,175,4,Score tree away growth.,2024-01-09
444,92,74,4,Peace heavy admit why consumer.,2024-07-08
445,58,66,4,Memory conference push right without put.,2023-08-12
446,30,193,5,Face none mean seat measure mother.,2025-05-25
447,89,18,1,Rock your fast owner quality including.,2023-08-18
448,40,129,3,Describe election whom building particular commercial item.,2024-04-16
449,44,103,4,Prevent run do happy.,2025-05-16
450,39,68,1,The full control instead run.,2023-12-27
451,99,195,3,Red light executive wish happy most guy.,2024-08-27
452,21,194,5,Mouth form fish story outside everything.,2024-08-17
453,31,102,1,Own senior sure left suddenly talk.,2024-10-15
454,56,169,2,Medical pretty those small size.,2024-05-20
455,33,98,3,Case series right kitchen charge maybe culture.,2024-06-25
456,22,195,1,Matter town place country discuss campaign else.,2024-10-23
457,11,191,5,Life trade especially heart.,2024-06-24
458,82,100,4,Despite both suddenly allow wrong.,2025-03-22
459,16,111,2,Hear model woman.,2024-09-14
460,34,195,3,Look senior receive continue available move.,2025-02-20
461,67,56,3,Myself consumer certainly television instead wind food.,2024-03-23
462,7,188,3,Successful factor turn pattern as.,2024-08-04
463,90,52,3,Between with moment near.,2024-01-20
464,30,147,3,Truth democratic hour result article quickly which speech.,2023-07-30
465,22,170,3,Weight beautiful everybody person close claim rich race.,2024-03-29
466,84,12,2,Investment economic respond religious upon.,2024-04-01
467,99,184,5,Mr this whom through difference season might.,2025-02-22
468,51,129,3,Level public collection.,2024-01-11
469,58,42,4,Standard travel unit possible do account drive.,2025-01-10
470,61,79,1,Tough compare picture one least.,2024-05-13
471,72,172,1,Pay save far threat be.,2024-02-18
472,16,29,2,Rock contain director audience as seven.,2024-08-11
473,6,192,3,Defense serious face meet recently quality policy.,2024-01-11
474,68,81,2,Myself approach determine positive.,2023-08-21
475,78,135,5,Hotel visit drug across according defense deal.,2024-05-07
476,68,11,1,Us cause long assume.,2024-10-28
477,42,21,1,All relate military peace send lawyer.,2023-12-02
478,100,15,4,Sure center top show board today sit.,2024-08-04
479,4,81,3,Power debate left who check have.,2024-04-11
480,14,141,5,Both partner individual affect total.,2023-07-22
481,44,200,1,Pass defense owner.,2023-09-17
482,20,11,3,Performance prevent its wind physical.,2025-02-06
483,43,125,5,Interview beautiful mention possible staff care.,2024-02-24
484,94,78,3,Fish action think environmental option.,2024-07-17
485,99,129,5,Medical eye money evening.,2024-10-21
486,32,47,3,Poor population go myself.,2024-04-20
487,35,102,4,Table feel why participant.,2025-06-22
488,53,181,5,Store arm early style.,2023-09-30
489,34,136,5,Product right attorney third.,2023-10-04
490,45,120,3,Loss tough data catch write.,2024-05-26
491,74,175,1,Word food nearly level tend will blood everyone.,2023-11-01
492,99,173,5,Learn American already into food return.,2024-06-10
493,77,142,1,Your body first character before.,2023-08-19
494,59,110,2,Market purpose carry buy commercial because set because.,2025-05-24
495,61,54,3,Himself us anyone visit.,2023-08-05
496,52,148,3,Arm between top morning left.,2024-08-05
497,42,187,3,Stand finally organization rather.,2024-12-31
498,84,65,5,He to everyone.,2025-01-16
499,8,116,4,Small visit country soon coach certain manager.,2024-07-13
500,58,136,1,Source arrive defense behavior.,2025-05-01
